interval_time,reconstruction_error,anomaly_threshold,predicted_anomaly,ground_truth
2024-05-31 05:55:00+00:00,0.008877679486631858,0.007076461661374297,1,0
2024-05-31 06:00:00+00:00,0.016162081410473074,0.007076461661374297,1,0
2024-05-31 06:05:00+00:00,0.01407440440294389,0.007076461661374297,1,0
2024-05-31 06:10:00+00:00,0.010359596870808827,0.007076461661374297,1,0
2024-05-31 06:15:00+00:00,0.01011802615837634,0.007076461661374297,1,0
2024-05-31 06:20:00+00:00,0.011214767615537755,0.007076461661374297,1,0
2024-05-31 06:25:00+00:00,0.015549976484098834,0.007076461661374297,1,0
2024-05-31 06:30:00+00:00,0.01404021526526318,0.007076461661374297,1,0
2024-05-31 06:35:00+00:00,0.009127426614688227,0.007076461661374297,1,0
2024-05-31 06:40:00+00:00,0.009811981032051414,0.007076461661374297,1,0
2024-05-31 06:45:00+00:00,0.013525749858186895,0.007076461661374297,1,0
2024-05-31 06:50:00+00:00,0.016047958697982874,0.007076461661374297,1,0
2024-05-31 06:55:00+00:00,0.01238364888243406,0.007076461661374297,1,0
2024-05-31 07:00:00+00:00,0.010929190043805633,0.007076461661374297,1,0
2024-05-31 07:05:00+00:00,0.008866587957429107,0.007076461661374297,1,0
2024-05-31 07:10:00+00:00,0.01305562001808304,0.007076461661374297,1,0
2024-05-31 07:15:00+00:00,0.016410448368987956,0.007076461661374297,1,0
2024-05-31 07:20:00+00:00,0.011465276830368085,0.007076461661374297,1,0
2024-05-31 07:25:00+00:00,0.010682148230069069,0.007076461661374297,1,0
2024-05-31 07:30:00+00:00,0.008308205712567848,0.007076461661374297,1,0
2024-05-31 07:35:00+00:00,0.016431451057218726,0.007076461661374297,1,0
2024-05-31 07:40:00+00:00,0.01632129745748884,0.007076461661374297,1,0
2024-05-31 07:45:00+00:00,0.010790143040192463,0.007076461661374297,1,0
2024-05-31 07:50:00+00:00,0.014902727209008319,0.007076461661374297,1,0
2024-05-31 07:55:00+00:00,0.00919436213451358,0.007076461661374297,1,0
2024-05-31 08:00:00+00:00,0.01769637206103746,0.007076461661374297,1,0
2024-05-31 08:05:00+00:00,0.014640143001455481,0.007076461661374297,1,0
2024-05-31 08:10:00+00:00,0.008198938059304994,0.007076461661374297,1,0
2024-05-31 08:15:00+00:00,0.00957082831860502,0.007076461661374297,1,0
2024-05-31 08:20:00+00:00,0.012264924456328234,0.007076461661374297,1,0
2024-05-31 08:25:00+00:00,0.01618145095199161,0.007076461661374297,1,0
2024-05-31 08:30:00+00:00,0.013141247303428683,0.007076461661374297,1,0
2024-05-31 08:35:00+00:00,0.009663922956109395,0.007076461661374297,1,0
2024-05-31 08:40:00+00:00,0.01645162400228032,0.007076461661374297,1,0
2024-05-31 08:45:00+00:00,0.01549058808541405,0.007076461661374297,1,0
2024-05-31 08:50:00+00:00,0.016252361094055874,0.007076461661374297,1,0
2024-05-31 08:55:00+00:00,0.011649129460993798,0.007076461661374297,1,0
2024-05-31 09:00:00+00:00,0.011036143792103614,0.007076461661374297,1,0
2024-05-31 09:05:00+00:00,0.008845255070544065,0.007076461661374297,1,0
2024-05-31 09:10:00+00:00,0.015602916687025604,0.007076461661374297,1,0
2024-05-31 09:15:00+00:00,0.018021109159481685,0.007076461661374297,1,0
2024-05-31 09:20:00+00:00,0.012751130399681091,0.007076461661374297,1,0
2024-05-31 09:25:00+00:00,0.010779598134171084,0.007076461661374297,1,0
2024-05-31 09:30:00+00:00,0.0085931114965032,0.007076461661374297,1,0
2024-05-31 09:35:00+00:00,0.015734443489415682,0.007076461661374297,1,0
2024-05-31 09:40:00+00:00,0.016480585253212682,0.007076461661374297,1,0
2024-05-31 09:45:00+00:00,0.008758075557946629,0.007076461661374297,1,0
2024-05-31 09:50:00+00:00,0.011338932806593366,0.007076461661374297,1,0
2024-05-31 09:55:00+00:00,0.0089309906739817,0.007076461661374297,1,0
2024-05-31 10:00:00+00:00,0.016673658280230406,0.007076461661374297,1,0
2024-05-31 10:05:00+00:00,0.014554631834327668,0.007076461661374297,1,0
2024-05-31 10:10:00+00:00,0.008506434342199215,0.007076461661374297,1,0
2024-05-31 10:15:00+00:00,0.009220430677678033,0.007076461661374297,1,0
2024-05-31 10:20:00+00:00,0.013263357489663567,0.007076461661374297,1,0
2024-05-31 10:25:00+00:00,0.017265673475452478,0.007076461661374297,1,0
2024-05-31 10:30:00+00:00,0.012266549319011196,0.007076461661374297,1,0
2024-05-31 10:35:00+00:00,0.009457737040885126,0.007076461661374297,1,0
2024-05-31 10:40:00+00:00,0.010336357792240588,0.007076461661374297,1,0
2024-05-31 10:45:00+00:00,0.013532434034747189,0.007076461661374297,1,0
2024-05-31 10:50:00+00:00,0.015588737917681022,0.007076461661374297,1,0
2024-05-31 10:55:00+00:00,0.010951791143433606,0.007076461661374297,1,0
2024-05-31 11:00:00+00:00,0.00971234163605187,0.007076461661374297,1,0
2024-05-31 11:05:00+00:00,0.008940211285835364,0.007076461661374297,1,0
2024-05-31 11:10:00+00:00,0.013934015149571335,0.007076461661374297,1,0
2024-05-31 11:15:00+00:00,0.01563657735171152,0.007076461661374297,1,0
2024-05-31 11:20:00+00:00,0.01134487718512587,0.007076461661374297,1,0
2024-05-31 11:25:00+00:00,0.011513439043074702,0.007076461661374297,1,0
2024-05-31 11:30:00+00:00,0.009348766131488207,0.007076461661374297,1,0
2024-05-31 11:35:00+00:00,0.016285581106172245,0.007076461661374297,1,0
2024-05-31 11:40:00+00:00,0.016144936035046353,0.007076461661374297,1,0
2024-05-31 11:45:00+00:00,0.01059664736717734,0.007076461661374297,1,0
2024-05-31 11:50:00+00:00,0.011621951050131866,0.007076461661374297,1,1
2024-05-31 11:55:00+00:00,0.009513643226060325,0.007076461661374297,1,1
2024-05-31 12:00:00+00:00,0.01862537740105517,0.007076461661374297,1,1
2024-05-31 12:05:00+00:00,0.013621527330953537,0.007076461661374297,1,1
2024-05-31 12:10:00+00:00,0.00821395255531913,0.007076461661374297,1,1
2024-05-31 12:15:00+00:00,0.009895651807354125,0.007076461661374297,1,1
2024-05-31 12:20:00+00:00,0.012151439127560806,0.007076461661374297,1,1
2024-05-31 12:25:00+00:00,0.016624420139236547,0.007076461661374297,1,1
2024-05-31 12:30:00+00:00,0.01546372039307684,0.007076461661374297,1,1
2024-05-31 12:35:00+00:00,0.009204839469965496,0.007076461661374297,1,1
2024-05-31 12:40:00+00:00,0.010925702884898147,0.007076461661374297,1,1
2024-05-31 12:45:00+00:00,0.013587907084881367,0.007076461661374297,1,1
2024-05-31 12:50:00+00:00,0.015450698995515686,0.007076461661374297,1,1
2024-05-31 12:55:00+00:00,0.011749352323742022,0.007076461661374297,1,1
2024-05-31 13:00:00+00:00,0.011039872409206269,0.007076461661374297,1,1
2024-05-31 13:05:00+00:00,0.009904541529521645,0.007076461661374297,1,1
2024-05-31 13:10:00+00:00,0.014642123492755793,0.007076461661374297,1,1
2024-05-31 13:15:00+00:00,0.01627392625955555,0.007076461661374297,1,1
2024-05-31 13:20:00+00:00,0.011668591094064665,0.007076461661374297,1,1
2024-05-31 13:25:00+00:00,0.011058920979300332,0.007076461661374297,1,1
2024-05-31 13:30:00+00:00,0.00878009133733022,0.007076461661374297,1,1
2024-05-31 13:35:00+00:00,0.01594978483653675,0.007076461661374297,1,1
2024-05-31 13:40:00+00:00,0.01526601442198272,0.007076461661374297,1,1
2024-05-31 13:45:00+00:00,0.008880385302968167,0.007076461661374297,1,1
2024-05-31 13:50:00+00:00,0.01012987731604298,0.007076461661374297,1,1
2024-05-31 13:55:00+00:00,0.009944220515349744,0.007076461661374297,1,1
2024-05-31 14:00:00+00:00,0.017628836010458407,0.007076461661374297,1,1
2024-05-31 14:05:00+00:00,0.014944830322120977,0.007076461661374297,1,1
2024-05-31 14:10:00+00:00,0.009733874016407872,0.007076461661374297,1,1
2024-05-31 14:15:00+00:00,0.010234573414986984,0.007076461661374297,1,1
2024-05-31 14:20:00+00:00,0.013162171753874838,0.007076461661374297,1,1
2024-05-31 14:25:00+00:00,0.0171994322929369,0.007076461661374297,1,1
2024-05-31 14:30:00+00:00,0.01368258469172951,0.007076461661374297,1,1
2024-05-31 14:35:00+00:00,0.009417919048829996,0.007076461661374297,1,1
2024-05-31 14:40:00+00:00,0.013169320734204336,0.007076461661374297,1,1
2024-05-31 14:45:00+00:00,0.014573800291862456,0.007076461661374297,1,1
2024-05-31 14:50:00+00:00,0.018346553854856968,0.007076461661374297,1,1
2024-05-31 14:55:00+00:00,0.012531184419630826,0.007076461661374297,1,1
2024-05-31 15:00:00+00:00,0.01214696022864802,0.007076461661374297,1,1
2024-05-31 15:05:00+00:00,0.01030847866332406,0.007076461661374297,1,1
2024-05-31 15:10:00+00:00,0.01584739796042502,0.007076461661374297,1,1
2024-05-31 15:15:00+00:00,0.018225453099900302,0.007076461661374297,1,1
2024-05-31 15:20:00+00:00,0.012918441541353602,0.007076461661374297,1,1
2024-05-31 15:25:00+00:00,0.013776120387180946,0.007076461661374297,1,1
2024-05-31 15:30:00+00:00,0.010700921985697326,0.007076461661374297,1,1
2024-05-31 15:35:00+00:00,0.01706563661289305,0.007076461661374297,1,1
2024-05-31 15:40:00+00:00,0.01833049526245736,0.007076461661374297,1,1
2024-05-31 15:45:00+00:00,0.011601207831038976,0.007076461661374297,1,1
2024-05-31 15:50:00+00:00,0.016584322704487908,0.007076461661374297,1,1
2024-05-31 15:55:00+00:00,0.011373129674464844,0.007076461661374297,1,1
2024-05-31 16:00:00+00:00,0.019989574133062425,0.007076461661374297,1,1
2024-05-31 16:05:00+00:00,0.01516431747854656,0.007076461661374297,1,1
2024-05-31 16:10:00+00:00,0.012419537397558932,0.007076461661374297,1,1
2024-05-31 16:15:00+00:00,0.012593065028756428,0.007076461661374297,1,1
2024-05-31 16:20:00+00:00,0.013218113834176091,0.007076461661374297,1,1
2024-05-31 16:25:00+00:00,0.01797941823730335,0.007076461661374297,1,1
2024-05-31 16:30:00+00:00,0.009796350886739741,0.007076461661374297,1,1
2024-05-31 16:35:00+00:00,0.003214636432727513,0.007076461661374297,0,1
2024-05-31 16:40:00+00:00,0.00259653073533001,0.007076461661374297,0,1
2024-05-31 16:45:00+00:00,0.006189043464681406,0.007076461661374297,0,1
2024-05-31 16:50:00+00:00,0.006322448881617069,0.007076461661374297,0,1
2024-05-31 16:55:00+00:00,0.003018051214911558,0.007076461661374297,0,1
2024-05-31 17:00:00+00:00,0.0009364131200741989,0.007076461661374297,0,1
2024-05-31 17:05:00+00:00,0.0014181345234080202,0.007076461661374297,0,1
2024-05-31 17:10:00+00:00,0.0014144128403445922,0.007076461661374297,0,1
2024-05-31 17:15:00+00:00,0.003119152552883728,0.007076461661374297,0,1
2024-05-31 17:20:00+00:00,0.004316324460301931,0.007076461661374297,0,1
2024-05-31 17:25:00+00:00,0.001863047608117961,0.007076461661374297,0,1
2024-05-31 17:30:00+00:00,0.0018992405287229699,0.007076461661374297,0,1
2024-05-31 17:35:00+00:00,0.0020613310416067437,0.007076461661374297,0,1
2024-05-31 17:40:00+00:00,0.001421779650765357,0.007076461661374297,0,1
2024-05-31 17:45:00+00:00,0.0026552589120772897,0.007076461661374297,0,1
2024-05-31 17:50:00+00:00,0.0014404643654979752,0.007076461661374297,0,1
2024-05-31 17:55:00+00:00,0.0019423929621247965,0.007076461661374297,0,1
2024-05-31 18:00:00+00:00,0.0013022079062885734,0.007076461661374297,0,1
2024-05-31 18:05:00+00:00,0.0015495087358356411,0.007076461661374297,0,1
2024-05-31 18:10:00+00:00,0.0018214420250450072,0.007076461661374297,0,1
2024-05-31 18:15:00+00:00,0.0011003667562041763,0.007076461661374297,0,1
2024-05-31 18:20:00+00:00,0.0012320675186037566,0.007076461661374297,0,1
2024-05-31 18:25:00+00:00,0.0016324171024842246,0.007076461661374297,0,1
2024-05-31 18:30:00+00:00,0.001795323063218024,0.007076461661374297,0,1
2024-05-31 18:35:00+00:00,0.0017509654871229847,0.007076461661374297,0,1
2024-05-31 18:40:00+00:00,0.10905979047995694,0.007076461661374297,1,1
2024-05-31 18:45:00+00:00,0.11587892119567657,0.007076461661374297,1,1
2024-05-31 18:50:00+00:00,0.11374554563639501,0.007076461661374297,1,1
2024-05-31 18:55:00+00:00,0.20679370369716318,0.007076461661374297,1,1
2024-05-31 19:00:00+00:00,0.2418032658975481,0.007076461661374297,1,1
2024-05-31 19:05:00+00:00,0.004366982592455716,0.007076461661374297,0,1
2024-05-31 19:10:00+00:00,0.0027563136388564355,0.007076461661374297,0,1
2024-05-31 19:15:00+00:00,0.004093668566427104,0.007076461661374297,0,1
2024-05-31 19:20:00+00:00,0.0027523715551824894,0.007076461661374297,0,1
2024-05-31 19:25:00+00:00,0.0025885024288723915,0.007076461661374297,0,1
2024-05-31 19:30:00+00:00,0.003744669901261609,0.007076461661374297,0,1
2024-05-31 19:35:00+00:00,0.003487003894178971,0.007076461661374297,0,1
2024-05-31 19:40:00+00:00,0.002298947915812458,0.007076461661374297,0,1
2024-05-31 19:45:00+00:00,0.004344762864242719,0.007076461661374297,0,0
2024-05-31 19:50:00+00:00,0.0026486362372315497,0.007076461661374297,0,0
2024-05-31 19:55:00+00:00,0.0029954832904921214,0.007076461661374297,0,0
2024-05-31 20:05:00+00:00,0.004602888591603145,0.007076461661374297,0,0
2024-05-31 20:10:00+00:00,0.003920926987138985,0.007076461661374297,0,0
2024-05-31 20:15:00+00:00,0.003566605292058485,0.007076461661374297,0,0
2024-05-31 20:20:00+00:00,0.0034462470103855383,0.007076461661374297,0,0
2024-05-31 20:25:00+00:00,0.0029796826111304986,0.007076461661374297,0,0
2024-05-31 20:30:00+00:00,0.002185452694509451,0.007076461661374297,0,0
2024-05-31 20:35:00+00:00,0.0027241111209972972,0.007076461661374297,0,0
2024-05-31 20:40:00+00:00,0.0011615877578719117,0.007076461661374297,0,0
2024-05-31 20:45:00+00:00,0.0032703796497253463,0.007076461661374297,0,0
2024-05-31 20:50:00+00:00,0.002341103458052873,0.007076461661374297,0,0
2024-05-31 20:55:00+00:00,0.0032726700669211874,0.007076461661374297,0,0
2024-05-31 21:00:00+00:00,0.0009571950992624867,0.007076461661374297,0,0
2024-05-31 21:05:00+00:00,0.0032499587943735355,0.007076461661374297,0,0
2024-05-31 21:10:00+00:00,0.008731929680506189,0.007076461661374297,1,0
2024-05-31 21:15:00+00:00,0.01330994618571423,0.007076461661374297,1,0
2024-05-31 21:20:00+00:00,0.003709436828368466,0.007076461661374297,0,0
2024-05-31 21:25:00+00:00,0.001992635978925281,0.007076461661374297,0,0
2024-05-31 21:30:00+00:00,0.0024589090857456675,0.007076461661374297,0,0
2024-05-31 21:35:00+00:00,0.0035546916351110497,0.007076461661374297,0,0
2024-05-31 21:40:00+00:00,0.0015498891647803851,0.007076461661374297,0,0
2024-05-31 21:45:00+00:00,0.0016597796219089242,0.007076461661374297,0,0
2024-05-31 21:50:00+00:00,0.0016161077987221879,0.007076461661374297,0,0
2024-05-31 21:55:00+00:00,0.0012407685501936061,0.007076461661374297,0,0
2024-05-31 22:00:00+00:00,0.012087429802038141,0.007076461661374297,1,0
2024-05-31 22:05:00+00:00,0.006231145631276347,0.007076461661374297,0,0
2024-05-31 22:10:00+00:00,0.0015747821493451197,0.007076461661374297,0,0
2024-05-31 22:15:00+00:00,0.001045376133448972,0.007076461661374297,0,0
2024-05-31 22:20:00+00:00,0.004035924872960531,0.007076461661374297,0,0
2024-05-31 22:25:00+00:00,0.0009465513285739239,0.007076461661374297,0,0
2024-05-31 22:30:00+00:00,0.0023495567312879495,0.007076461661374297,0,0
2024-05-31 22:35:00+00:00,0.0015313161480557534,0.007076461661374297,0,0
2024-05-31 22:40:00+00:00,0.0009162115142016572,0.007076461661374297,0,0
2024-05-31 22:45:00+00:00,0.0005662936206699916,0.007076461661374297,0,0
2024-05-31 22:50:00+00:00,0.0019837439593770596,0.007076461661374297,0,0
2024-05-31 22:55:00+00:00,0.0014877533630290706,0.007076461661374297,0,0
2024-05-31 23:00:00+00:00,0.0007895608191846152,0.007076461661374297,0,0
2024-05-31 23:05:00+00:00,0.0009161772340375517,0.007076461661374297,0,0
2024-05-31 23:10:00+00:00,0.006853034131633041,0.007076461661374297,0,0
2024-05-31 23:15:00+00:00,0.0010342493352174763,0.007076461661374297,0,0
2024-05-31 23:20:00+00:00,0.0012816364757288429,0.007076461661374297,0,0
2024-05-31 23:25:00+00:00,0.0013054142046149898,0.007076461661374297,0,0
2024-05-31 23:30:00+00:00,0.0020168418797638114,0.007076461661374297,0,0
2024-05-31 23:35:00+00:00,0.0012958270036785276,0.007076461661374297,0,0
2024-05-31 23:40:00+00:00,0.0029523415019413425,0.007076461661374297,0,0
2024-05-31 23:45:00+00:00,0.0009364140706236211,0.007076461661374297,0,0
2024-05-31 23:50:00+00:00,0.009441132974225974,0.007076461661374297,1,0
2024-05-31 23:55:00+00:00,0.0068243721495996786,0.007076461661374297,0,0
