Anomaly_ID,Start,End,Detected,Number_of_detected_buckets,Peak_anomaly_score_mse
a7,2024-03-01 01:38:00+00:00,2024-03-01 04:20:00+00:00,False,0,0.004905928549819835
a8,2024-03-01 12:03:21+00:00,2024-03-01 12:23:18+00:00,False,0,0.0004392229967764537
a9,2024-03-06 05:14:12+00:00,2024-03-06 05:33:37+00:00,False,0,0.0006481954407682143
a10,2024-03-07 04:44:27+00:00,2024-03-07 06:53:27+00:00,False,0,0.002455680841270556
a11,2024-03-07 22:48:15+00:00,2024-03-07 23:08:12+00:00,False,0,0.001654941978800381
a12,2024-03-11 17:10:00+00:00,2024-03-11 17:49:00+00:00,False,0,0.0034899436383778355
a13,2024-03-12 11:30:00+00:00,2024-03-12 18:50:00+00:00,True,6,0.12513734840610263
a14,2024-03-12 23:45:00+00:00,2024-03-13 18:13:00+00:00,True,87,0.014575003709527952
a15,2024-03-18 13:35:00+00:00,2024-03-18 21:47:00+00:00,True,6,0.03956732790198214
a16,2024-03-19 10:11:00+00:00,2024-03-19 11:01:00+00:00,True,2,0.00864607804052346
a17,2024-04-14 11:03:45+00:00,2024-04-14 14:02:28+00:00,False,0,0.001999566817607669
a18,2024-04-30 17:52:48+00:00,2024-04-30 18:07:44+00:00,False,0,0.002351109050893283
a19,2024-05-06 02:18:15+00:00,2024-05-06 20:09:15+00:00,True,1,0.01089544259998674
a20,2024-05-07 10:59:44+00:00,2024-05-07 13:58:44+00:00,False,0,0.002955279189517457
a21,2024-05-24 04:07:00+00:00,2024-05-24 04:07:00+00:00,True,1,0.014161105089997603
a22,2024-05-24 08:01:50+00:00,2024-05-24 08:22:14+00:00,True,5,0.01588072736196319
a23,2024-05-26 06:40:00+00:00,2024-05-26 06:42:00+00:00,True,1,0.011981011019056425
a24,2024-05-31 11:52:00+00:00,2024-05-31 19:43:00+00:00,True,62,0.2418032658975481
a25,2024-05-31 23:02:15+00:00,2024-05-31 23:21:43+00:00,False,0,0.006853034131633041
