interval_start,total_request_volume,client_request_volume,server_request_volume,active_hosts,active_endpoints,mean_recorded_avg_latency,error_request_volume
1705951500,29184.0,15055.0,14129.0,32,255,446588.5671172002,91.0
1705951800,93047.0,48220.0,44827.0,34,338,528666.3488518008,78.0
1705952100,94519.0,48490.0,46029.0,41,445,747801.0170614562,89.0
1705952400,92851.0,47743.0,45108.0,40,529,687538.2402855334,100.0
1705952700,91080.0,46143.0,44937.0,42,534,565192.3043626873,62.0
1705953000,97869.0,50227.0,47642.0,40,526,651685.5727859143,68.0
1705953300,93359.0,47532.0,45827.0,42,513,658308.1847286179,86.0
1705953600,102564.0,53359.0,49205.0,39,443,628830.5546506969,100.0
1705953900,101032.0,52500.0,48532.0,39,428,621899.5348473255,101.0
1705954200,95483.0,50909.0,44574.0,40,423,666706.7747561685,131.0
1705954500,97304.0,50252.0,47052.0,40,414,629557.7779622219,108.0
1705954800,101085.0,52895.0,48190.0,37,426,649691.9583336381,85.0
1705955100,90094.0,45773.0,44321.0,38,421,643807.2336344506,104.0
1705955400,93715.0,48548.0,45167.0,41,417,612252.3665823968,103.0
1705955700,101973.0,53220.0,48753.0,41,424,699545.0263993953,116.0
1705956000,95365.0,49521.0,45844.0,38,379,781309.0952496657,104.0
1705956300,94294.0,48438.0,45856.0,40,377,679039.1464360434,59.0
1705956600,95199.0,48675.0,46524.0,41,383,705984.7310415595,89.0
1705956900,87196.0,44526.0,42670.0,41,384,663298.5626868379,115.0
1705957200,107289.0,56146.0,51143.0,38,382,666825.2581163783,89.0
1705957500,102244.0,53535.0,48709.0,41,387,732512.3845205448,152.0
1705957800,93456.0,48863.0,44593.0,40,371,577787.0540837401,120.0
1705958100,105444.0,55528.0,49916.0,40,368,611633.0067244535,71.0
1705958400,94731.0,48558.0,46173.0,39,379,581606.903751172,88.0
1705958700,88989.0,45704.0,43285.0,40,373,672021.0995786883,110.0
1705959000,98403.0,51424.0,46979.0,40,376,573067.9191493966,69.0
1705959300,97509.0,50882.0,46627.0,39,367,808587.0765508703,91.0
1705959600,82387.0,42212.0,40175.0,39,368,626421.3783505835,104.0
1705959900,88024.0,45608.0,42416.0,40,360,590828.7631593571,72.0
1705960200,86012.0,43240.0,42772.0,38,359,603483.637287425,83.0
1705960500,76734.0,38366.0,38368.0,37,339,595954.0021843327,70.0
1705960800,91259.0,47031.0,44228.0,39,344,538775.9706187657,71.0
1705961100,90528.0,46680.0,43848.0,39,339,592870.1002339455,76.0
1705961400,75966.0,38495.0,37471.0,39,333,613725.4676367147,78.0
1705961700,84914.0,43475.0,41439.0,39,334,566606.7991270442,115.0
1705962000,83593.0,42232.0,41361.0,39,347,656368.4448083086,120.0
1705962300,83872.0,42141.0,41731.0,39,340,661905.0021623196,97.0
1705962600,87248.0,44653.0,42595.0,40,349,597555.9477611383,123.0
1705962900,83471.0,42488.0,40983.0,40,337,665360.0290699077,87.0
1705963200,83584.0,42665.0,40919.0,40,348,1283148.2097254333,106.0
1705963500,78329.0,39549.0,38780.0,40,335,644851.9552023461,99.0
1705963800,74582.0,37119.0,37463.0,37,338,602459.5565897472,66.0
1705964100,76249.0,38483.0,37766.0,40,326,610333.2597984499,97.0
1705964400,84005.0,42862.0,41143.0,39,342,638887.8499167558,79.0
1705964700,73943.0,37190.0,36753.0,40,339,736444.8297532464,94.0
1705965000,67497.0,33824.0,33673.0,38,333,585845.0731899828,82.0
1705965300,74252.0,37407.0,36845.0,39,339,589849.9984568,86.0
1705965600,72924.0,36364.0,36560.0,38,330,574828.2018379854,79.0
1705965900,67255.0,33617.0,33638.0,40,326,620439.7483991891,74.0
1705966200,71790.0,35839.0,35951.0,38,325,643811.2099809584,72.0
1705966500,72961.0,36714.0,36247.0,40,336,691168.2766765445,71.0
1705966800,70579.0,35695.0,34884.0,39,327,650343.7227092682,75.0
1705967100,74623.0,36976.0,37647.0,42,334,562590.6145335239,95.0
1705967400,78432.0,39637.0,38795.0,40,336,616731.8135417845,108.0
1705967700,82692.0,41160.0,41532.0,40,340,600180.8322393153,109.0
1705968000,84656.0,43001.0,41655.0,40,338,609542.3717906292,44.0
1705968300,83204.0,42268.0,40936.0,40,339,678530.5299894393,120.0
1705968600,73801.0,37148.0,36653.0,40,332,684438.0649595399,104.0
1705968900,78432.0,39149.0,39283.0,40,343,645224.9722073566,63.0
1705969200,79628.0,39603.0,40025.0,40,331,686355.9508625906,79.0
1705969500,73852.0,36918.0,36934.0,41,333,639017.3102187816,58.0
1705969800,76964.0,38912.0,38052.0,40,332,616322.3424285313,114.0
1705970100,76302.0,38829.0,37473.0,40,334,707203.4978205318,83.0
1705970400,74099.0,37379.0,36720.0,40,329,688433.1139541909,120.0
1705970700,77359.0,39063.0,38296.0,40,336,523508.3777863517,56.0
1705971000,77371.0,38459.0,38912.0,37,329,654335.5736196627,81.0
1705971300,66245.0,32266.0,33979.0,40,319,607175.1335693081,82.0
1705971600,76963.0,38624.0,38339.0,41,336,632736.0176965415,70.0
1705971900,82127.0,41617.0,40510.0,40,339,602814.5204757013,89.0
1705972200,71357.0,35659.0,35698.0,40,326,557354.8015513478,98.0
1705972500,77990.0,38819.0,39171.0,41,330,664565.2849831049,107.0
1705972800,82646.0,41913.0,40733.0,38,323,602272.7134269222,113.0
1705973100,79868.0,40786.0,39082.0,40,334,611034.5838429986,88.0
1705973400,82381.0,42594.0,39787.0,40,333,599740.9157751967,106.0
1705973700,86645.0,44821.0,41824.0,39,323,628724.2241685877,104.0
1705974000,78319.0,39945.0,38374.0,40,328,709791.1900551881,107.0
1705974300,84051.0,42688.0,41363.0,40,322,617663.6657906059,86.0
1705974600,83307.0,42017.0,41290.0,39,331,909622.2501331861,139.0
1705974900,78380.0,39352.0,39028.0,38,317,6564006.029551502,179.0
1705975200,89774.0,46293.0,43481.0,39,323,6400771.654128596,348.0
1705975500,92266.0,48156.0,44110.0,39,327,5559226.242533757,831.0
1705975800,75378.0,38193.0,37185.0,41,324,5808732.467681603,459.0
1705976100,81168.0,41186.0,39982.0,41,328,6212018.346954913,939.0
1705976400,81739.0,41561.0,40178.0,38,324,4982770.50799448,878.0
1705976700,75380.0,38369.0,37011.0,39,311,6304054.898292302,747.0
1705977000,85355.0,44160.0,41195.0,40,322,5227148.102746957,824.0
1705977300,81207.0,41573.0,39634.0,40,323,5228561.523814966,732.0
1705977600,81671.0,42864.0,38807.0,39,320,5115165.401365342,953.0
1705977900,86003.0,44555.0,41448.0,39,331,5124843.787590009,954.0
1705978200,79993.0,40248.0,39745.0,38,326,5534093.868478329,911.0
1705978500,74407.0,37518.0,36889.0,40,306,6242613.888473379,720.0
1705978800,77062.0,39307.0,37755.0,40,321,8446252.687781708,694.0
1705979100,79919.0,41135.0,38784.0,39,326,4888577.242474081,996.0
1705979400,77462.0,39956.0,37506.0,39,311,4585594.064064959,695.0
1705979700,73965.0,37365.0,36600.0,39,313,5944368.304796788,333.0
1705980000,77140.0,38778.0,38362.0,38,318,3285843.2547542336,244.0
1705980300,78234.0,39996.0,38238.0,38,308,3201609.332723509,121.0
1705980600,86517.0,45114.0,41403.0,39,324,3685501.945752949,244.0
1705980900,82869.0,42459.0,40410.0,39,320,6435418.170668528,342.0
1705981200,77629.0,39627.0,38002.0,38,307,2508324.9850967703,135.0
